{
  "canonical_sections": {
    "y_0_m": 0.0,
    "y_1_m": 8.041,
    "y_2_m": 12.5081007083,
    "y_3_m": 39.4995,
    "le_x_0_m": 3.513099,
    "le_x_1_m": 19.299046611133835,
    "le_x_2_m": 25.459944426354556,
    "le_x_3_m": 39.616715972154165,
    "chord_0_m": 41.17952274,
    "chord_1_m": 13.9269627,
    "chord_2_m": 7.76845979406,
    "chord_3_m": 0.8
  },
  "public_drivers": {
    "wing_span_m": 31.458499999999997,
    "b2_over_wing_span": 0.1419998,
    "c0_m": 41.17952274,
    "c3_m": 13.9269627,
    "wing_med_3_tr": 0.5578,
    "c5_m": 0.8,
    "s1_50_deg": 34.6,
    "s2_25_deg": 24.7,
    "med_3_te_sweep_deg": 0.0
  },
  "template": {
    "anchor_y_m": [
      0.0,
      1.9,
      5.694,
      8.041,
      12.5081007083,
      39.4995
    ],
    "anchor_le_z_m": [
      0.25865,
      1.03474,
      0.48145,
      0.67693,
      0.72992,
      1.97538
    ],
    "anchor_twist_deg": [
      0.778,
      -0.342,
      0.371,
      -0.249,
      0.483,
      3.177
    ],
    "anchor_camber_delta": [
      0.0,
      0.0,
      0.0,
      0.0,
      0.0,
      0.0
    ],
    "anchor_sections": [
      {
        "upper_coeffs": [
          0.18181997367146724,
          0.1709935828122251,
          0.1455488788794331,
          0.14465565111615697,
          0.1858364950933948,
          0.24688319276374468
        ],
        "lower_coeffs": [
          0.09022353282726805,
          0.12382620498018837,
          0.15591644781925368,
          0.21753638510529727,
          0.26350547424055293,
          0.2664047176730415
        ],
        "tc_max": 0.13610295872398795,
        "x_tmax": 0.2776824104075363,
        "te_thickness": 0.0017858758327404453
      },
      {
        "upper_coeffs": [
          0.12619522422663712,
          0.14952468554576231,
          0.12503039626141826,
          0.12044132971230177,
          0.16316655264586524,
          0.22636699854257636
        ],
        "lower_coeffs": [
          0.17182923149026957,
          0.16206498688017337,
          0.18400445979451005,
          0.24107952529396867,
          0.28467752187549944,
          0.29608094417761976
        ],
        "tc_max": 0.1424495843805421,
        "x_tmax": 0.23208660251050162,
        "te_thickness": 0.0018239263113698934
      },
      {
        "upper_coeffs": [
          0.15795919592198882,
          0.15752991305443062,
          0.1506503258785301,
          0.16456395387130923,
          0.2063132138743836,
          0.25767258008187743
        ],
        "lower_coeffs": [
          0.08949801532922344,
          0.1137299329230406,
          0.11088516476391751,
          0.1405147717842674,
          0.22013376005912008,
          0.3167968311480819
        ],
        "tc_max": 0.1224459047766308,
        "x_tmax": 0.2776824104075363,
        "te_thickness": 0.001852260963915209
      },
      {
        "upper_coeffs": [
          0.15253546316853694,
          0.2387366087679237,
          0.24824699180387344,
          0.20673681995442905,
          0.16032373313699053,
          0.1184220073950578
        ],
        "lower_coeffs": [
          0.1114625681666329,
          0.14152962008931408,
          0.16230417597184305,
          0.18010566020175103,
          0.17187638770567706,
          0.14132985823466146
        ],
        "tc_max": 0.16408005340327847,
        "x_tmax": 0.2918596038697993,
        "te_thickness": 0.0030467512248412917
      },
      {
        "upper_coeffs": [
          0.0919011193097254,
          0.11833457813052178,
          0.156522349087152,
          0.17526797173908723,
          0.1566348341118798,
          0.11600648886691159
        ],
        "lower_coeffs": [
          0.05054878264316995,
          0.07848032323305172,
          0.10838842759698347,
          0.12912560835240508,
          0.12119807395342273,
          0.09136101004815043
        ],
        "tc_max": 0.10318708802443649,
        "x_tmax": 0.38582456494467204,
        "te_thickness": 0.002362304664394475
      },
      {
        "upper_coeffs": [
          0.03809915885565254,
          0.07781941135724325,
          0.11470121442301358,
          0.13458479644589671,
          0.12097836576404221,
          0.08467966039753574
        ],
        "lower_coeffs": [
          0.0951757301928891,
          0.10425200975148341,
          0.13154370560478132,
          0.1486002491125193,
          0.1319899544654278,
          0.0922348554266702
        ],
        "tc_max": 0.09558427385019233,
        "x_tmax": 0.38582456494467204,
        "te_thickness": 0.0021855582271015795
      }
    ],
    "cst_n1": 0.35,
    "cst_n2": 1.1,
    "shared_leading_edge": false,
    "profile_generation_mode": "cst_only",
    "body_le_fixed_points": [
      [
        5.418099,
        1.9
      ],
      [
        14.300099,
        5.694
      ]
    ],
    "te_exact_segments": [
      0,
      4
    ],
    "te_c1_span_fraction": 0.7081208804875015,
    "te_inboard_blend_fraction": 0.932719810968785,
    "te_inboard_blend_dx": 6.7,
    "te_inboard_radius_factor": 1.5,
    "med_3_te_helper_fraction": 0.78,
    "te_outer_blend_fraction": 0.0,
    "blend_fraction": 0.24,
    "min_linear_core_fraction": 0.58,
    "te_blend_fraction": 0.44,
    "te_min_linear_core_fraction": 0.08,
    "te_spline_bridge": [
      1,
      3
    ],
    "symmetry_blend_y": 1.9,
    "section_interpolation": "pchip",
    "airfoil_distribution_mode": "anchors",
    "num_airfoil_points": 241,
    "num_base_stations": 41,
    "section_curve_n_ctl": 41,
    "k_span": 4
  }
}
