{
  "example_name": "reference_v4_demo",
  "design_variables": {
    "span": 39.5,
    "b1_span_ratio": 0.20253164556962025,
    "b2_span_ratio": 0.10126582278481013,
    "b3_span_ratio": 0.6962025316455697,
    "le_root_x": 0.0,
    "c1_root_chord": 38.0,
    "c2_c1_ratio": 0.4394736842105263,
    "c3_c1_ratio": 0.27631578947368424,
    "c4_c1_ratio": 0.029549147296981385,
    "s1_deg": 55.864059922087726,
    "s2_deg": 57.17145820858747,
    "s3_deg": 30.0,
    "nose_blend_y": 2.5,
    "cst_n1": 0.5,
    "cst_n2": 1.0,
    "dihedral_deg": 0.0,
    "twist_c1_deg": 1.0,
    "twist_c2_deg": 1.0,
    "twist_c3_deg": 0.8,
    "twist_c4_deg": 0.6,
    "camber_c1": 0.0,
    "camber_c2": 0.0,
    "camber_c3": 0.0,
    "camber_c4": 0.0,
    "c1_tc_max": 0.23,
    "c2_tc_max": 0.26,
    "c3_tc_max": 0.2,
    "c4_tc_max": 0.2,
    "c1_x_tmax": 0.33,
    "c2_x_tmax": 0.33,
    "c3_x_tmax": 0.28,
    "c4_x_tmax": 0.28,
    "c1_te_thickness": 0.002,
    "c2_te_thickness": 0.0025,
    "c3_te_thickness": 0.0023,
    "c4_te_thickness": 0.0023,
    "c1_upper_cst": [
      0.375764620839725,
      0.3702473767625628,
      0.35127683020611167,
      0.22018440770985762,
      0.08665656637171605,
      0.032
    ],
    "c1_lower_cst": [
      0.29818293621102804,
      0.27980763629746963,
      0.2698890600875391,
      0.18743165987513383,
      0.0847756942179882,
      0.026
    ],
    "c2_upper_cst": [
      0.35930552459480813,
      0.35188974409468443,
      0.3390598921607747,
      0.21898000448366023,
      0.08862116125899872,
      0.03
    ],
    "c2_lower_cst": [
      0.28482237386066367,
      0.26562911954170443,
      0.2565393726744254,
      0.18023697084171966,
      0.08292327883932143,
      0.024
    ],
    "c3_upper_cst": [
      0.3496953764510455,
      0.3405059037996907,
      0.3330088734603388,
      0.22146541976584216,
      0.09221961832423942,
      0.028
    ],
    "c3_lower_cst": [
      0.2754732139463852,
      0.25610644688750306,
      0.24976660381948024,
      0.17720243124203133,
      0.08174489241923633,
      0.022
    ],
    "c4_upper_cst": [
      0.3496953764510455,
      0.3405059037996907,
      0.3330088734603388,
      0.22146541976584216,
      0.09221961832423942,
      0.028
    ],
    "c4_lower_cst": [
      0.2754732139463852,
      0.25610644688750306,
      0.24976660381948024,
      0.17720243124203133,
      0.08174489241923633,
      0.022
    ]
  },
  "profile_generation_mode": "cst_only",
  "topology_name": "cbs_bwb_v4",
  "section_names": [
    "root",
    "section_2",
    "section_3",
    "tip"
  ],
  "section_y_m": [
    0.0,
    8.0,
    12.0,
    39.5
  ],
  "leading_edge_x_m": [
    0.0,
    11.800000000000002,
    18.0,
    33.87713240271471
  ],
  "trailing_edge_x_m": [
    38.0,
    28.5,
    28.5,
    35.0
  ],
  "chord_m": [
    38.0,
    16.699999999999996,
    10.5,
    1.1228675972852926
  ],
  "sweeps_deg": {
    "s1": 55.864059922087726,
    "s2": 57.17145820858747,
    "s3": 30.0
  },
  "b_segment_ratios": {
    "b1_span_ratio": 0.20253164556962025,
    "b2_span_ratio": 0.10126582278481013,
    "b3_span_ratio": 0.6962025316455697
  },
  "cst_section_parameters": {
    "c1": {
      "upper_coeffs": [
        0.375764620839725,
        0.3702473767625628,
        0.35127683020611167,
        0.22018440770985762,
        0.08665656637171605,
        0.032
      ],
      "lower_coeffs": [
        0.29818293621102804,
        0.27980763629746963,
        0.2698890600875391,
        0.18743165987513383,
        0.0847756942179882,
        0.026
      ],
      "tc_max": 0.23,
      "x_tmax": 0.33,
      "te_thickness": 0.002
    },
    "c2": {
      "upper_coeffs": [
        0.35930552459480813,
        0.35188974409468443,
        0.3390598921607747,
        0.21898000448366023,
        0.08862116125899872,
        0.03
      ],
      "lower_coeffs": [
        0.28482237386066367,
        0.26562911954170443,
        0.2565393726744254,
        0.18023697084171966,
        0.08292327883932143,
        0.024
      ],
      "tc_max": 0.26,
      "x_tmax": 0.33,
      "te_thickness": 0.0025
    },
    "c3": {
      "upper_coeffs": [
        0.3496953764510455,
        0.3405059037996907,
        0.3330088734603388,
        0.22146541976584216,
        0.09221961832423942,
        0.028
      ],
      "lower_coeffs": [
        0.2754732139463852,
        0.25610644688750306,
        0.24976660381948024,
        0.17720243124203133,
        0.08174489241923633,
        0.022
      ],
      "tc_max": 0.2,
      "x_tmax": 0.28,
      "te_thickness": 0.0023
    },
    "c4": {
      "upper_coeffs": [
        0.3496953764510455,
        0.3405059037996907,
        0.3330088734603388,
        0.22146541976584216,
        0.09221961832423942,
        0.028
      ],
      "lower_coeffs": [
        0.2754732139463852,
        0.25610644688750306,
        0.24976660381948024,
        0.17720243124203133,
        0.08174489241923633,
        0.022
      ],
      "tc_max": 0.2,
      "x_tmax": 0.28,
      "te_thickness": 0.0023
    }
  },
  "cst_class_parameters": {
    "n1": 0.5,
    "n2": 1.0
  },
  "twist_law_deg": {
    "section_indices": [
      0,
      1,
      2,
      3
    ],
    "values": [
      1.0,
      1.0,
      0.8,
      0.6
    ],
    "interpolation": "pyspline"
  },
  "validation": {
    "min_inner_tc": 0.0023862482216265666,
    "min_inner_tc_y": 28.97897196261682,
    "min_inner_tc_xc": 0.9794098674340965,
    "num_samples": 255
  },
  "volume_constraint": {
    "enabled": false,
    "satisfied": true,
    "enclosed_volume_m3": 0.0,
    "required_volume_m3": 0.0,
    "volume_margin_m3": 0.0,
    "volume_ratio": 1.0,
    "mean_cross_section_area_m2": 0.0,
    "max_cross_section_area_m2": 0.0,
    "max_cross_section_area_y": 0.0,
    "span_samples": 0
  },
  "iges_export_success": true,
  "iges_path": "/Users/marta.arnabat/Desktop/BWB/project_v4/example_outputs/reference_v4_demo/reference_v4.igs",
  "profiles_dir": "/Users/marta.arnabat/Desktop/BWB/project_v4/example_outputs/reference_v4_demo/profiles_reference",
  "config": {
    "topology": {
      "span": 39.5,
      "b1_span_ratio": 0.20253164556962025,
      "b2_span_ratio": 0.10126582278481013,
      "b3_span_ratio": 0.6962025316455697,
      "anchor_y": [
        0.0,
        8.0,
        12.0,
        39.5
      ],
      "topology_name": "cbs_bwb_v4"
    },
    "planform": {
      "le_root_x": 0.0,
      "c1_root_chord": 38.0,
      "c2_c1_ratio": 0.4394736842105263,
      "c3_c1_ratio": 0.27631578947368424,
      "c4_c1_ratio": 0.029549147296981385,
      "s1_deg": 55.864059922087726,
      "s2_deg": 57.17145820858747,
      "s3_deg": 30.0,
      "te_aux1_c2_fraction": 0.625,
      "te_aux2_c2_fraction": 0.875,
      "continuity_order": 2,
      "blend_fraction": 0.1,
      "min_linear_core_fraction": 0.75,
      "symmetry_blend_y": 2.5,
      "te_exact_segments": [
        0,
        3
      ]
    },
    "sections": {
      "x_tc_window": [
        0.15,
        0.65
      ],
      "x_valid_window": [
        0.02,
        0.98
      ],
      "cst_degree": 5,
      "n1": 0.5,
      "n2": 1.0,
      "profile_generation_mode": "cst_only",
      "camber_mode_center": 3.5,
      "camber_mode_width": 2.0,
      "c1_spec": {
        "upper_coeffs": [
          0.375764620839725,
          0.3702473767625628,
          0.35127683020611167,
          0.22018440770985762,
          0.08665656637171605,
          0.032
        ],
        "lower_coeffs": [
          0.29818293621102804,
          0.27980763629746963,
          0.2698890600875391,
          0.18743165987513383,
          0.0847756942179882,
          0.026
        ],
        "tc_max": 0.23,
        "x_tmax": 0.33,
        "te_thickness": 0.002
      },