{
  "example_name": "reference_v4_demo",
  "design_variables": {
    "span": 39.5,
    "b1_span_ratio": 0.18,
    "b2_span_ratio": 0.12,
    "b3_span_ratio": 0.7,
    "le_root_x": 0.0,
    "c1_root_chord": 40.0,
    "c2_c1_ratio": 0.7,
    "c3_c1_ratio": 0.23,
    "c4_c1_ratio": 0.08,
    "s1_deg": 58.0,
    "s2_deg": 50.0,
    "s3_deg": 32.0,
    "nose_blend_y": 2.5,
    "cst_n1": 0.5,
    "cst_n2": 1.0,
    "dihedral_deg": 0.0,
    "twist_c1_deg": 0.0,
    "twist_c2_deg": 0.0,
    "twist_c3_deg": -1.0,
    "twist_c4_deg": -3.0,
    "camber_c1": 0.0,
    "camber_c2": 0.0,
    "camber_c3": 0.0,
    "camber_c4": 0.0,
    "c1_tc_max": 0.22,
    "c2_tc_max": 0.18,
    "c3_tc_max": 0.11,
    "c4_tc_max": 0.08,
    "c1_x_tmax": 0.33,
    "c2_x_tmax": 0.31,
    "c3_x_tmax": 0.28,
    "c4_x_tmax": 0.24,
    "c1_te_thickness": 0.002,
    "c2_te_thickness": 0.002,
    "c3_te_thickness": 0.0015,
    "c4_te_thickness": 0.001,
    "c1_upper_cst": [
      0.3505703583206222,
      0.36338040481618206,
      0.33305734163683837,
      0.20378994959426566,
      0.0809508165381431,
      0.05
    ],
    "c1_lower_cst": [
      0.14059830567171536,
      0.1051800971215292,
      0.09667355451753944,
      0.08369594787354795,
      0.05454716917600809,
      0.01
    ],
    "c2_upper_cst": [
      0.2744633851977888,
      0.2865001171315305,
      0.2739033467735769,
      0.17087353403911076,
      0.06678622477022139,
      0.04
    ],
    "c2_lower_cst": [
      0.11778601462748521,
      0.08738599041659881,
      0.08074066433601852,
      0.06999060859088185,
      0.04467731447415471,
      0.008
    ],
    "c3_upper_cst": [
      0.1771165227729815,
      0.1789021217118391,
      0.17615134558387913,
      0.11229121126131048,
      0.04362691385861208,
      0.025
    ],
    "c3_lower_cst": [
      0.07794960349971847,
      0.05477434654250904,
      0.04979025827470704,
      0.04405080606494915,
      0.027903031526270303,
      0.005
    ],
    "c4_upper_cst": [
      0.13204052603737756,
      0.131982607124543,
      0.13661581920678875,
      0.0896436179309724,
      0.03422887345723429,
      0.018
    ],
    "c4_lower_cst": [
      0.056010425731014404,
      0.036736910979084256,
      0.03137859227072081,
      0.028562744974141473,
      0.019164856377254798,
      0.003
    ]
  },
  "topology_name": "cbs_bwb_v4",
  "section_names": [
    "root",
    "section_2",
    "section_3",
    "tip"
  ],
  "section_y_m": [
    0.0,
    7.109999999999999,
    11.85,
    39.5
  ],
  "leading_edge_x_m": [
    0.0,
    11.378378501481867,
    17.027290530378423,
    34.30492811067133
  ],
  "trailing_edge_x_m": [
    40.0,
    39.37837850148187,
    26.227290530378426,
    37.50492811067133
  ],
  "chord_m": [
    40.0,
    28.0,
    9.200000000000003,
    3.200000000000003
  ],
  "sweeps_deg": {
    "s1": 58.0,
    "s2": 50.0,
    "s3": 32.0
  },
  "b_segment_ratios": {
    "b1_span_ratio": 0.18,
    "b2_span_ratio": 0.12,
    "b3_span_ratio": 0.7
  },
  "cst_section_parameters": {
    "c1": {
      "upper_coeffs": [
        0.3505703583206222,
        0.36338040481618206,
        0.33305734163683837,
        0.20378994959426566,
        0.0809508165381431,
        0.05
      ],
      "lower_coeffs": [
        0.14059830567171536,
        0.1051800971215292,
        0.09667355451753944,
        0.08369594787354795,
        0.05454716917600809,
        0.01
      ],
      "tc_max": 0.22,
      "x_tmax": 0.33,
      "te_thickness": 0.002
    },
    "c2": {
      "upper_coeffs": [
        0.2744633851977888,
        0.2865001171315305,
        0.2739033467735769,
        0.17087353403911076,
        0.06678622477022139,
        0.04
      ],
      "lower_coeffs": [
        0.11778601462748521,
        0.08738599041659881,
        0.08074066433601852,
        0.06999060859088185,
        0.04467731447415471,
        0.008
      ],
      "tc_max": 0.18,
      "x_tmax": 0.31,
      "te_thickness": 0.002
    },
    "c3": {
      "upper_coeffs": [
        0.1771165227729815,
        0.1789021217118391,
        0.17615134558387913,
        0.11229121126131048,
        0.04362691385861208,
        0.025
      ],
      "lower_coeffs": [
        0.07794960349971847,
        0.05477434654250904,
        0.04979025827470704,
        0.04405080606494915,
        0.027903031526270303,
        0.005
      ],
      "tc_max": 0.11,
      "x_tmax": 0.28,
      "te_thickness": 0.0015
    },
    "c4": {
      "upper_coeffs": [
        0.13204052603737756,
        0.131982607124543,
        0.13661581920678875,
        0.0896436179309724,
        0.03422887345723429,
        0.018
      ],
      "lower_coeffs": [
        0.056010425731014404,
        0.036736910979084256,
        0.03137859227072081,
        0.028562744974141473,
        0.019164856377254798,
        0.003
      ],
      "tc_max": 0.08,
      "x_tmax": 0.24,
      "te_thickness": 0.001
    }
  },
  "cst_class_parameters": {
    "n1": 0.5,
    "n2": 1.0
  },
  "twist_law_deg": {
    "section_indices": [
      0,
      1,
      2,
      3
    ],
    "values": [
      0.0,
      0.0,
      -1.0,
      -3.0
    ],
    "interpolation": "pyspline"
  },
  "validation": {
    "min_inner_tc": 0.0005950128058793226,
    "min_inner_tc_y": 29.625,
    "min_inner_tc_xc": 0.9794098674340965,
    "num_samples": 251
  },
  "iges_export_success": true,
  "iges_path": "/Users/marta.arnabat/Desktop/BWB/project_v4/example_outputs/reference_v4_demo/reference_v4.igs",
  "profiles_dir": "/Users/marta.arnabat/Desktop/BWB/project_v4/example_outputs/reference_v4_demo/profiles_reference",
  "config": {
    "topology": {
      "span": 39.5,
      "b1_span_ratio": 0.18,
      "b2_span_ratio": 0.12,
      "b3_span_ratio": 0.7,
      "anchor_y": [
        0.0,
        7.109999999999999,
        11.85,
        39.5
      ],
      "topology_name": "cbs_bwb_v4"
    },
    "planform": {
      "le_root_x": 0.0,
      "c1_root_chord": 40.0,
      "c2_c1_ratio": 0.7,
      "c3_c1_ratio": 0.23,
      "c4_c1_ratio": 0.08,
      "s1_deg": 58.0,
      "s2_deg": 50.0,
      "s3_deg": 32.0,
      "continuity_order": 2,
      "blend_fraction": 0.18,
      "symmetry_blend_y": 2.5
    },
    "sections": {
      "x_tc_window": [
        0.15,
        0.65
      ],
      "x_valid_window": [
        0.02,
        0.98
      ],
      "cst_degree": 5,
      "n1": 0.5,
      "n2": 1.0,
      "camber_mode_center": 3.5,
      "camber_mode_width": 2.0,
      "c1_spec": {
        "upper_coeffs": [
          0.3505703583206222,
          0.36338040481618206,
          0.33305734163683837,
          0.20378994959426566,
          0.0809508165381431,
          0.05
        ],
        "lower_coeffs": [
          0.14059830567171536,
          0.1051800971215292,
          0.09667355451753944,
          0.08369594787354795,
          0.05454716917600809,
          0.01
        ],
        "tc_max": 0.22,
        "x_tmax": 0.33,
        "te_thickness": 0.002
      },
      "c2_spec": {
        "upper_coeffs": [
          0.2744633851977888,
          0.2865001171315305,
          0.2739033467735769,
          0.17087353403911076,
          0.06678622477022139,
          0.04
        ],
        "lower_coeffs": [
          0.11778601462748521,
          0.08738599041659881,
          0.08074066433601852,
          0.06999060859088185,
          0.04467731447415471,
          0.008
        ],
        "tc_max": 0.18,
        "x_tmax": 0.31,
        "te_thickness": 0.002
      },
      "c3_spec": {
        "upper_coeffs": [
          0.1771165227729815,
          0.1789021217118391,
          0.17615134558387913,
          0.11229121126131048,
          0.04362691385861208,
          0.025
        ],
        "lower_coeffs": [
          0.07794960349971847,
          0.05477434654250904,
          0.04979025827470704,
          0.04405080606494915,
          0.027903031526270303,
          0.005
        ],
        "tc_max": 0.11,
        "x_tmax": 0.28,