{
  "preset": "presentation_core",
  "active_groups": [
    "planform",
    "twist",
    "thickness_targets"
  ],
  "active_variables": [
    "le_root_x",
    "c1_root_chord",
    "c2_c1_ratio",
    "c3_c1_ratio",
    "c4_c1_ratio",
    "s1_deg",
    "s2_deg",
    "s3_deg",
    "nose_blend_y",
    "twist_c1_deg",
    "twist_c2_deg",
    "twist_c3_deg",
    "twist_c4_deg",
    "c1_tc_max",
    "c2_tc_max",
    "c3_tc_max",
    "c4_tc_max",
    "c1_x_tmax",
    "c2_x_tmax",
    "c3_x_tmax",
    "c4_x_tmax",
    "c1_te_thickness",
    "c2_te_thickness",
    "c3_te_thickness",
    "c4_te_thickness"
  ],
  "seed": 7,
  "variation_scale": 0.12,
  "variant_count": 5,
  "variants": [
    {
      "variant_id": "reference",
      "min_inner_tc": 0.0005950128058793226,
      "min_inner_tc_y": 29.625,
      "min_inner_tc_xc": 0.9794098674340965,
      "le_root_x": 0.0,
      "c1_root_chord": 40.0,
      "c2_c1_ratio": 0.7,
      "c3_c1_ratio": 0.23,
      "c4_c1_ratio": 0.08,
      "s1_deg": 58.0,
      "s2_deg": 50.0,
      "s3_deg": 32.0,
      "nose_blend_y": 2.5,
      "twist_c1_deg": 0.0,
      "twist_c2_deg": 0.0,
      "twist_c3_deg": -1.0,
      "twist_c4_deg": -3.0,
      "c1_tc_max": 0.22,
      "c2_tc_max": 0.18,
      "c3_tc_max": 0.11,
      "c4_tc_max": 0.08,
      "c1_x_tmax": 0.33,
      "c2_x_tmax": 0.31,
      "c3_x_tmax": 0.28,
      "c4_x_tmax": 0.24,
      "c1_te_thickness": 0.002,
      "c2_te_thickness": 0.002,
      "c3_te_thickness": 0.0015,
      "c4_te_thickness": 0.001
    },
    {
      "variant_id": "v1",
      "min_inner_tc": 0.00016042733906236972,
      "min_inner_tc_y": 30.05023923444976,
      "min_inner_tc_xc": 0.9794098674340965,
      "le_root_x": 0.39029785580656107,
      "c1_root_chord": 43.81325248930792,
      "c2_c1_ratio": 0.7198493696976539,
      "c3_c1_ratio": 0.2234049725597742,
      "c4_c1_ratio": 0.07856119725136082,
      "s1_deg": 59.44363515974355,
      "s2_deg": 47.62527346191476,
      "s3_deg": 33.233517126589824,
      "nose_blend_y": 2.892131645952701,
      "twist_c1_deg": -0.15391222635014046,
      "twist_c2_deg": -0.945444351267295,
      "twist_c3_deg": -2.063557061916288,
      "twist_c4_deg": -4.470782474075253,
      "c1_tc_max": 0.18,
      "c2_tc_max": 0.14727272727272725,
      "c3_tc_max": 0.09,
      "c4_tc_max": 0.06545454545454545,
      "c1_x_tmax": 0.3482621037589382,
      "c2_x_tmax": 0.31733075376646974,
      "c3_x_tmax": 0.3081641045064766,
      "c4_x_tmax": 0.22565155839107418,
      "c1_te_thickness": 0.001184508881258827,
      "c2_te_thickness": 0.0022700950502552737,
      "c3_te_thickness": 0.0006243686552858561,
      "c4_te_thickness": 0.0003313796014339785
    },
    {
      "variant_id": "v2",
      "min_inner_tc": 0.00028481902367600697,
      "min_inner_tc_y": 29.105263157894736,
      "min_inner_tc_xc": 0.9794098674340965,
      "le_root_x": 0.04645311924667528,
      "c1_root_chord": 39.675577843122774,
      "c2_c1_ratio": 0.7300360796698854,
      "c3_c1_ratio": 0.23310143010778425,
      "c4_c1_ratio": 0.0801016470555165,
      "s1_deg": 57.786243115731416,
      "s2_deg": 48.78807162573119,
      "s3_deg": 30.125289058083222,
      "nose_blend_y": 2.09397083006061,
      "twist_c1_deg": 0.9217541802328282,
      "twist_c2_deg": -1.437087724862423,
      "twist_c3_deg": -1.6262257091094077,
      "twist_c4_deg": -5.977594547687544,
      "c1_tc_max": 0.2,
      "c2_tc_max": 0.16363636363636364,
      "c3_tc_max": 0.1,
      "c4_tc_max": 0.07272727272727274,
      "c1_x_tmax": 0.3306109465357896,
      "c2_x_tmax": 0.33082901478195215,
      "c3_x_tmax": 0.28804770881588954,
      "c4_x_tmax": 0.2521852557470376,
      "c1_te_thickness": 0.0010195894521513097,
      "c2_te_thickness": 0.002098745171303573,
      "c3_te_thickness": 0.0015149226936966719,
      "c4_te_thickness": 0.0015347287024377481
    },
    {
      "variant_id": "v3",
      "min_inner_tc": 0.00019077669743344618,
      "min_inner_tc_y": 30.05023923444976,
      "min_inner_tc_xc": 0.9794098674340965,
      "le_root_x": -0.4328561358758283,
      "c1_root_chord": 40.94256704518924,
      "c2_c1_ratio": 0.6682661182488762,
      "c3_c1_ratio": 0.2273031632266575,
      "c4_c1_ratio": 0.07872586169305909,
      "s1_deg": 56.26087880790999,
      "s2_deg": 51.518422898331565,
      "s3_deg": 31.5370732987532,
      "nose_blend_y": 3.1319472074228125,
      "twist_c1_deg": 0.4319601264509294,
      "twist_c2_deg": 0.504270018383286,
      "twist_c3_deg": -0.33761641221600547,
      "twist_c4_deg": -1.94129853712327,
      "c1_tc_max": 0.21,
      "c2_tc_max": 0.1718181818181818,
      "c3_tc_max": 0.105,
      "c4_tc_max": 0.07636363636363636,
      "c1_x_tmax": 0.3048343354613409,
      "c2_x_tmax": 0.3380696830629293,
      "c3_x_tmax": 0.2635842325516987,
      "c4_x_tmax": 0.24865696419560876,
      "c1_te_thickness": 0.0015210081955497686,
      "c2_te_thickness": 0.00289778486275881,
      "c3_te_thickness": 0.0018114522976098312,
      "c4_te_thickness": 0.0004695267747639603
    },
    {
      "variant_id": "v4",
      "min_inner_tc": 0.00010359008871445377,
      "min_inner_tc_y": 29.105263157894736,
      "min_inner_tc_xc": 0.9794098674340965,
      "le_root_x": 1.076631881128605,
      "c1_root_chord": 44.2715024429918,
      "c2_c1_ratio": 0.7290820087501068,
      "c3_c1_ratio": 0.23167325954862267,
      "c4_c1_ratio": 0.07744731166707867,
      "s1_deg": 56.44683937786066,
      "s2_deg": 52.05394728677371,
      "s3_deg": 32.200933712642296,
      "nose_blend_y": 2.0783292979525636,
      "twist_c1_deg": 1.8434730921430558,
      "twist_c2_deg": 0.6795441850679076,
      "twist_c3_deg": -0.6654674825257221,
      "twist_c4_deg": -3.742272983220479,
      "c1_tc_max": 0.22,
      "c2_tc_max": 0.18,
      "c3_tc_max": 0.11,
      "c4_tc_max": 0.08,
      "c1_x_tmax": 0.32798636552919963,
      "c2_x_tmax": 0.3128581119528241,
      "c3_x_tmax": 0.269756606643341,
      "c4_x_tmax": 0.2526667759606884,
      "c1_te_thickness": 0.000860472489924225,
      "c2_te_thickness": 0.0016932446541564894,
      "c3_te_thickness": 0.0005982725652174943,
      "c4_te_thickness": 0.00045696462717521354
    }
  ]
}